ID,R.F.C.,NOMBRE,DIRECCION,TELEFONO,CORREO,FOTOGRAFIA
1,IIRW644423LI2,Darryl Morris,"P.O. Box 188, 1023 Ullamcorper Road",1-314-442-,a.felis.ullamcorper@outlook.edu,
2,DYYS137879YY4,Victoria Harding,"P.O. Box 934, 4621 Iaculis Avenue",(742) 774-,iaculis.aliquet@protonmail.com,
3,RTAC383337RK8,Ariana Summers,"181-2435 Scelerisque Av.",1-197-232-,odio.sagittis.semper@icloud.net,
4,SLUF571227YS6,Maggie Sims,"P.O. Box 623, 4449 Varius. Avenue",(819) 566-,risus.at@aol.edu,
5,GYKS722517BO5,Hanna Pierce,"915-691 Sapien, St.",1-866-118-,nec.ante@protonmail.net,
6,TGUC115215UO0,Willa Shields,"892-5401 Metus. Avenue",(275) 815-,nam.porttitor.scelerisque@outlook.edu,
7,WXJT817179WH7,Eugenia Montgomery,"834-8623 Varius. St.",1-922-740-,vitae.aliquet@outlook.couk,
8,SNPR577687QW3,Colt Burke,"Ap #618-9894 Sem Rd.",(674) 373-,gravida.nunc@google.edu,
9,WSEX459574EG9,Troy Randolph,"771-1957 Nec Ave",(693) 725-,faucibus@icloud.org,
10,KWCF742021XD6,Iliana Brady,"527-5149 Cras Av.",1-222-568-,orci.tincidunt@icloud.couk,
11,CSXS576846NE2,Selma Case,"5787 Adipiscing Ave",(624) 654-,sed.sem@outlook.com,
12,GWQC361957WP4,Nora Hahn,"991 Nec, St.",(778) 782-,erat.eget.tincidunt@aol.org,
13,PTSR943223FB1,Geoffrey Holman,"Ap #440-580 Accumsan St.",(687) 552-,tortor.nibh@aol.edu,
14,JKKE292326AO4,Karleigh Morris,"4779 Dolor. Street",1-593-652-,scelerisque.neque@google.edu,
15,QRWK782372YU2,Garrison Owens,"P.O. Box 361, 8819 Integer Av.",(441) 179-,mauris.ut@yahoo.ca,
16,NBCE603332UN6,Conan Walter,"768-8754 Vitae Ave",(707) 396-,donec.nibh.enim@outlook.net,
17,BVFD711297GX7,Cherokee Benjamin,"Ap #545-1318 Hendrerit Ave",(755) 783-,urna.convallis@outlook.org,
18,AKTW146065YB2,Felicia Swanson,"Ap #510-1598 Et St.",(258) 342-,sem.ut.cursus@google.couk,
19,HKOC490153RD7,Laith Steele,"P.O. Box 881, 2661 Quisque St.",(662) 635-,dictum@icloud.org,
20,XKWL313044XE5,Owen Glass,"518-9132 Laoreet Ave",(639) 344-,sit.amet@aol.ca,
21,UWHW341578UH1,Lawrence Miles,"P.O. Box 154, 9015 Phasellus St.",(611) 696-,donec.nibh@protonmail.ca,
22,NBNW618121YZ1,Dennis Bowers,"Ap #869-2253 Aliquet Avenue",1-411-582-,proin.nisl@google.ca,
23,BBIV921224ER7,Karyn Dodson,"306-9841 Non, St.",1-636-485-,lorem@outlook.couk,
24,LGBL770027WF4,Arden O'connor,"P.O. Box 480, 4048 Amet, Rd.",(431) 313-,tempus.risus@protonmail.couk,
25,IMYD372199KU9,Cade Pace,"Ap #875-4188 Enim. Street",1-547-552-,sociis@protonmail.com,
26,VHER601564KM4,Alyssa Bowen,"592-8207 Mauris St.",(508) 211-,libero.mauris@protonmail.edu,
27,BXJV823156GE0,Alec Burt,"Ap #556-9257 Fusce Rd.",1-712-604-,metus.eu@yahoo.net,
28,HSBJ765836XY5,Leandra Peters,"Ap #366-3501 Nulla Road",1-948-728-,tristique.neque.venenatis@hotmail.org,
29,OLJI821770EP6,Quynn Santiago,"Ap #502-8309 Phasellus Ave",1-895-622-,amet.massa.quisque@google.ca,
30,LRSI678816PJ0,Adele Jones,"257-8293 Mi Av.",(217) 669-,dolor.donec@protonmail.com,
31,IJYH086029XM7,Jolie Bryan,"6225 Dis St.",(758) 318-,risus@outlook.edu,
32,MWJO670663RE8,Stacey Carr,"Ap #388-893 Ac Street",(723) 368-,fames@icloud.ca,
33,QGEG591376HH5,Amanda Talley,"Ap #482-5022 Nibh. St.",1-134-733-,magna.a.tortor@outlook.org,
34,OTVN663544WJ2,Neil Valenzuela,"Ap #247-7067 Lorem, St.",(406) 466-,in.lobortis.tellus@aol.ca,
35,ATSG268349ZO6,Robert Norris,"123-6783 Phasellus Street",(519) 413-,id.ante@google.couk,
36,LUEW766228RH5,Eaton Nolan,"Ap #348-924 Libero Rd.",(270) 326-,elit.aliquam.auctor@aol.net,
37,RKPT558454FF0,Guy Griffith,"Ap #385-945 Ultrices Rd.",1-228-812-,natoque.penatibus@protonmail.com,
38,OLEH362601IO4,Nadine Hyde,"Ap #339-1590 A Rd.",1-649-870-,taciti.sociosqu.ad@yahoo.net,
39,FPQB541882KB2,Fiona Cameron,"8484 Non, St.",(835) 767-,ut.pellentesque@outlook.org,
40,QWYU244310JB9,Priscilla Sutton,"Ap #388-8430 Quam Rd.",1-514-364-,mauris.suspendisse.aliquet@google.edu,
41,ZVCK761611TL5,Yardley Parsons,"Ap #198-7347 Odio. Street",(351) 201-,in.lorem.donec@outlook.com,
42,CXCB112163FB4,Jakeem Bartlett,"Ap #107-5370 Consequat Rd.",(515) 555-,dignissim.tempor@protonmail.com,
43,LBKK382336UH1,Whoopi Willis,"2371 Est Street",(136) 713-,massa@google.ca,
44,VPMM544375KO8,Xander Hardin,"2427 Felis Ave",(510) 604-,arcu@google.ca,
45,HSYG479996MI3,Fiona Brown,"P.O. Box 692, 3881 Enim. St.",(717) 535-,nunc.lectus.pede@google.net,
46,UDJG311908OK1,Tatiana Pena,"Ap #833-6944 Aliquam Street",1-607-574-,laoreet@aol.org,
47,KIPQ559652KH5,Kane Martinez,"Ap #947-4632 Erat Rd.",(734) 485-,tellus.nunc@hotmail.org,
48,CBCL385717VK9,Herrod Emerson,"Ap #736-123 Id, Avenue",1-261-241-,commodo@aol.edu,
49,VJOG593253XQ7,Amanda Watson,"929-7797 Montes, Ave",1-352-507-,vitae.dolor.donec@hotmail.net,
50,XNRJ227291PD5,Jackson Singleton,"Ap #923-3355 Natoque St.",1-644-867-,hendrerit.id.ante@yahoo.net,
51,RYVS236536QO3,Astra Davenport,"P.O. Box 861, 8047 Nullam Av.",1-192-427-,quisque.imperdiet.erat@hotmail.couk,
52,VLHV717464CB0,Roth Cox,"249-8707 Cursus. St.",1-665-571-,euismod.et.commodo@google.couk,
53,TEAD325776UP6,May Harvey,"Ap #935-3393 Vel Road",1-825-178-,adipiscing.lobortis.risus@aol.net,
54,FVNT737464IW4,Jennifer Tanner,"5100 A Rd.",(922) 912-,dictum@aol.com,
55,KOOB942394JO4,Abraham Ortiz,"Ap #638-9548 Orci Rd.",1-938-426-,eros.proin@google.ca,
56,ZNQC551136VG0,Olympia Wright,"Ap #642-8713 Rhoncus. St.",(137) 584-,metus.facilisis.lorem@protonmail.ca,
57,JSEH026407TJ2,Jacob Manning,"3079 Rutrum Rd.",(755) 769-,hendrerit.consectetuer@protonmail.org,
58,YYEY928684EO5,Nigel Barry,"Ap #839-5074 Id, Ave",1-583-718-,eget.tincidunt.dui@google.ca,
59,RWXP688542KI9,Jena Rocha,"5269 Ligula Street",1-532-331-,suspendisse.sagittis.nullam@hotmail.couk,
60,PHVD376544AN1,Myra Ball,"P.O. Box 489, 3169 Integer Avenue",(880) 183-,adipiscing.elit.aliquam@protonmail.couk,
61,OECW559164RI2,Keith Vasquez,"P.O. Box 640, 2541 Lacus. Avenue",1-825-151-,urna.nec@google.couk,
62,PGLV381325YM2,Dorothy Craft,"Ap #336-787 Penatibus Road",(545) 435-,praesent.luctus@aol.org,
63,KMWW134013NA4,Quinn Rojas,"6683 Iaculis Street",(749) 490-,gravida.molestie@outlook.org,
64,MFPB281344XT6,Jeremy Spears,"Ap #625-4489 Tellus Rd.",(983) 855-,rutrum.eu@aol.edu,
65,WNEI325882HY8,Seth House,"4939 Enim. Ave",1-972-723-,donec.feugiat@protonmail.net,
66,JURE388735YX2,Libby Guzman,"3330 Facilisis, St.",(743) 379-,id.ante@icloud.couk,
67,TPRV675588LJ1,Liberty Clayton,"Ap #796-8327 A Rd.",(436) 547-,luctus@google.edu,
68,KBMG425033IB2,Mariko Pratt,"2501 Nibh. Av.",1-932-149-,lacus@google.com,
69,QWXL643869CN8,Halee Nguyen,"621-3945 Urna. Rd.",(318) 250-,donec.sollicitudin.adipiscing@protonmail.couk,
70,IQIQ687734RL7,Justina Vance,"P.O. Box 663, 1093 Integer Rd.",1-172-239-,velit@outlook.couk,
71,YHKM226585TT4,Candace Lang,"P.O. Box 566, 6954 Ornare Av.",(859) 557-,elementum.sem@outlook.edu,
72,LBDQ387329VL4,Christine Mckee,"4892 Pede Avenue",(989) 201-,nisi@outlook.org,
73,UJWD689628RA8,Ralph Navarro,"931-2510 Lorem Ave",(856) 703-,magna.cras.convallis@yahoo.ca,
74,MHSW232448KJ0,Hilel Burris,"Ap #619-3222 Ante Rd.",(621) 547-,tellus.sem@icloud.org,
75,MSSN128789WB3,Ruth Raymond,"5290 Turpis. St.",(862) 555-,mattis.integer.eu@google.couk,
76,JPCO687168JV2,Hilel Clay,"Ap #493-1672 Ut Rd.",1-223-722-,tortor.integer@yahoo.ca,
77,YDLT669521BR7,Ignatius William,"Ap #769-8671 Lacus. Rd.",1-493-246-,enim.sed.nulla@icloud.ca,
78,GXBL855051KH6,Kylan Lowery,"310-8675 Luctus St.",1-770-712-,libero.est@aol.net,
79,KATV671570FN3,Brody Booth,"317-5552 Massa Ave",1-298-452-,convallis@google.org,
80,WQQN946983EM4,Cameron Stephens,"Ap #793-2873 Lorem Avenue",(237) 488-,fusce@protonmail.net,
81,TQPE652886WJ9,Fiona West,"Ap #754-4911 Amet Ave",1-349-978-,in.ornare@hotmail.net,
82,QSLW265832KR2,Minerva Mitchell,"377-1235 Non, St.",(640) 156-,nulla.eget.metus@google.net,
83,XUTV923660VM3,Rhea Butler,"P.O. Box 899, 4309 Laoreet St.",1-771-181-,luctus.ipsum@yahoo.net,
84,SBMQ271533ME7,Ivana Ray,"5912 Sed Av.",1-503-676-,nunc@aol.edu,
85,HZJJ087512AU8,Abel Frazier,"507-2567 Mauris Avenue",(241) 497-,risus@hotmail.net,
86,FPRF938376DQ6,Chaney Sharp,"431-7195 Pellentesque Av.",(987) 785-,sed.tortor.integer@yahoo.ca,
87,AHPQ022215QC1,Kevyn Small,"1706 Congue. Street",(658) 681-,accumsan.interdum@hotmail.com,
88,USZR487208ZG5,Oren Malone,"Ap #605-6646 Magna. Av.",1-681-689-,lacus.quisque@google.ca,
89,BOMO261549LL5,Tobias Pate,"343-6100 In, St.",(661) 424-,morbi.non@google.com,
90,JPYB881661XD4,Rowan Meadows,"Ap #907-8846 Praesent Rd.",1-579-817-,rutrum.justo.praesent@hotmail.ca,
91,LCNY569223NL7,Oren Chaney,"Ap #996-4291 In St.",(902) 366-,sed@google.net,
92,VTWE653215MN5,Odessa Butler,"Ap #830-4731 In, St.",1-813-337-,donec.elementum@yahoo.edu,
93,EVVO137778JP1,Wayne Vang,"Ap #335-9166 Orci, Rd.",(362) 243-,eu.enim.etiam@google.ca,
94,XYGB268878WF9,Cassady Wallace,"Ap #604-5675 Urna, Avenue",1-960-485-,aliquet.phasellus@hotmail.com,
95,FGPP496242LY3,Oprah Schroeder,"Ap #726-352 Donec Ave",(642) 987-,sit.amet@hotmail.com,
96,XYDS474381VT7,Adam Hancock,"196-8647 Ornare, St.",(255) 364-,cursus.diam@protonmail.com,
97,QJYN778162IN1,Eve Kerr,"122-4782 Varius Av.",(432) 298-,sed.nec.metus@protonmail.com,
98,VVBN173638CY4,Fulton Jackson,"Ap #908-2720 Libero Road",1-290-841-,tortor@hotmail.org,
99,CGHO718126DX1,Belle Mcdowell,"875-5832 Feugiat Road",(580) 736-,eu.ultrices@yahoo.com,
100,XZJG061774CK8,Grace Greene,"Ap #167-6346 Nostra, Rd.",(563) 535-,orci.quis@icloud.com,
